UniProt,PDB,Ligand_Chain,Ligand_Index,Ligand,Nucleophile_Chain,Nucleophile_Index,Nucleophile,Kinase,Organism,Warhead Type,Nucleophile_Location
O14733,5Z1D,A,501,95U,A,218,CYS,MAP2K7,HUMAN,1,front
O14733,6IB0,A,501,H8Z,A,218,CYS,MAP2K7,HUMAN,1,front
O14733,6IB2,A,501,862,A,218,CYS,MAP2K7,HUMAN,1,front
O14733,6QFT,A,501,J0B,A,218,CYS,MAP2K7,HUMAN,1,front
O14733,6QG4,A,501,J0E,A,218,CYS,MAP2K7,HUMAN,1,front
O14733,6QG7,A,501,6HL,A,218,CYS,MAP2K7,HUMAN,1,front
O14733,6QHO,A,501,J3H,A,218,CYS,MAP2K7,HUMAN,1,front
O14733,6QHR,A,501,J3N,A,218,CYS,MAP2K7,HUMAN,1,front
O14733,6YG2,A,514,8E8,A,218,CYS,MAP2K7,HUMAN,1,front
O14733,6YG3,A,510,6HF,A,218,CYS,MAP2K7,HUMAN,1,front
O14733,6YG6,A,502,OQ8,A,218,CYS,MAP2K7,HUMAN,1,front
O14733,6YG7,B,501,OQ2,B,218,CYS,MAP2K7,HUMAN,1,front
O14733,7OVI,A,501,2GI,A,218,CYS,MAP2K7,HUMAN,1,front
O14733,7OVJ,A,501,24N,A,218,CYS,MAP2K7,HUMAN,1,front
O14733,7OVK,A,502,2I5,A,218,CYS,MAP2K7,HUMAN,1,front
O14733,7OVL,A,501,1XZ,A,218,CYS,MAP2K7,HUMAN,1,front
O14733,7OVM,A,501,21I,A,218,CYS,MAP2K7,HUMAN,1,front
O14733,7OVN,A,501,2I8,A,218,CYS,MAP2K7,HUMAN,1,front
